Eldorin,Elf,He,Always speaks in rhymes
Grimnir,Dwarf,He,Obsessed with shiny gems
Luna,Human,She,Claims to have magical powers
Thrax,Half-Orc,He,Laughs loudly at everything
Aria,Elf,She,Collects rare flowers
Bromlin,Dwarf,He,Constantly polishing his axe
Sylas,Human,They,Secretly a spy for a mysterious organization
Zara,Half-Elf,She,Always wears a hood to hide their face
Goruk,Orc,He,Has a pet direwolf
Elowen,Elf,She,Writes poetry in Her spare time
Thrain,Dwarf,He,Obsessed with brewing unique ales
Seraphina,Human,She,Always carries a mysterious locket
Ragnok,Half-Orc,He,Challenges everyone to arm wrestling
Lorath,Elf,He,Speaks multiple languages fluently
Hilda,Dwarf,She,Expert at haggling for goods
Caelum,Human,They,Has a magical talking familiar
Morgana,Half-Elf,She,Collects ancient artifacts
Urgoth,Orc,He,Keeps a journal of exotic creatures
Elyria,Elf,She,Can predict the weather accurately
Durin,Dwarf,He,Invents strange contraptions
Sylvan,Human,They,Always humming a mysterious tune
Rukh,Half-Orc,He,Dislikes magic and wizards
Faelan,Elf,He,Has a pet owl named Nimbus
Gimli,Dwarf,He,Obsessed with finding lost treasure
Isolde,Human,She,Skilled in archery and never misses a shot
Karnak,Orc,He,Collects rare and dangerous plants
Neria,Elf,She,Can communicate with animals
Borin,Dwarf,He,Creates intricate maps of the region
Astrid,Human,They,Trained in the art of illusion
Throk,Half-Orc,He,Always wears a mysterious amulet
Lyra,Elf,She,Has visions of the future
Gundar,Dwarf,He,Expert blacksmith and armorer
Aveline,Human,She,Skilled in Herbalism and potion-making
Grom,Orc,He,Carries a massive battleaxe
Eilif,Half-Elf,He,Knows secrets about everyone in town
Elara,Elf,She,Can manipulate fire with Her mind
Orik,Dwarf,He,Can mimic any accent perfectly
Selene,Human,They,Guardian of a hidden forest shrine
Garrosh,Half-Orc,He,Collects rare and ancient weapons
Elowyn,Elf,She,Whispers to unseen spirits
Gilda,Dwarf,She,Runs a tavern rivaling the best in town
Thalia,Human,She,Skilled dancer and entertainer
Vorok,Orc,He,Always looking for a worthy opponent
Eldara,Elf,She,Can speak to plants
Thrain,Dwarf,He,Obsessed with brewing unique ales
Sigrun,Human,She,Expert in identifying magical artifacts
Krognar,Half-Orc,He,Carves intricate wooden sculptures
Lirael,Elf,She,Carries a mysterious locked book
Borin,Dwarf,He,Invents and uses unconventional weapons
Aria,Human,She,Always wears a mask in public
Aelar,Elf,He,Collects rare butterflies
Thalia,Human,She,Always carries a lucky coin
Eldrin,Half-Elf,They,Expert juggler with fruit
Lyra,Elf,She,Speaks in rhymes
Finnian,Human,He,Has a pet owl named Midnight
Elara,Half-Elf,They,Obsessed with star constellations
Gideon,Elf,He,Only wears mismatched socks
Isolde,Human,She,Always carries a sketchbook
Soren,Half-Elf,He,Enjoys composing poetry
Aria,Elf,She,Has a mysterious scar on Her left cheek
Eldric,Human,He,Collects rare seaShells
Laelia,Half-Elf,They,Can mimic bird calls perfectly
Thorne,Elf,He,Has an affinity for Herbalism
Seraphina,Human,She,Keeps a diary of dreams
Rowan,Half-Elf,They,Always has a pouch of Herbs
Lirael,Elf,She,Speaks with a calming voice
Caelum,Human,He,Expert at playing the flute
Eowyn,Half-Elf,She,Carries a locket with a family picture
Eldarion,Elf,He,Has a fondness for riddles
Adelaide,Human,She,Skilled at acrobatics
Ilyndor,Half-Elf,They,Always wears a flower in their hair
Brynn,Elf,He,Has a mysterious past
Elysia,Human,She,Collects old maps
Finrod,Half-Elf,He,Always humming a tune
Ilyana,Elf,She,Obsessed with magical artifacts
Thrain,Human,He,Carries a lucky charm from childhood
Neria,Half-Elf,They,Keeps a journal of interesting facts
Galadriel,Elf,She,Speaks in riddles
Eirik,Human,He,Skilled at playing the harp
Maeve,Half-Elf,She,Has a pet fox named Ember
Aldaron,Elf,He,Collects rare books
Elowen,Human,She,Can imitate different accents
Cedric,Half-Elf,They,Always wears a hooded cloak
Luna,Elf,She,Has a mysterious tattoo on Her wrist
Gareth,Human,He,Skilled in Herbal medicine
Nimue,Half-Elf,They,Carries a small crystal ball
Eirlys,Elf,She,Has a talent for storytelling
Bran,Human,He,Collects antique coins
Elira,Half-Elf,She,Speaks in a poetic manner
Thoren,Elf,He,Keeps a journal of his dreams
Sylvia,Human,She,Expert at archery
Eldara,Half-Elf,They,Always has a flask of Herbal tea
Roran,Elf,He,Has a pet falcon named Storm
Astrid,Human,She,Skilled at navigation
Lorcan,Half-Elf,He,Carries a vial of stardust
Calista,Elf,She,Has a fascination with moon phases
Cassius,Human,He,Always wears a feathered hat
Elowyn,Half-Elf,They,Skilled in potion-making
Aeliana,Elf,She,Speaks in a melodious tone
Kieran,Human,He,Enjoys stargazing
Arabella,Half-Elf,She,Collects rare gemstones
Eldar,Elf,He,Has a talent for mimicry
Selene,Human,She,Always carries a lantern at night
Caelia,Half-Elf,They,Keeps a sketchbook of mythical creatures
Eldoria,Elf,She,Skilled at playing the lyre
Faelan,Human,He,Carries a mysterious amulet
Astraea,Half-Elf,She,Speaks with an ancient dialect
Darian,Elf,He,Has a fondness for exotic spices
Sorcha,Human,She,Always has a bag of colorful feathers
Lirael,Half-Elf,They,Skilled at deciphering codes
Rhiannon,Human,She,Collects rare medicinal Herbs
Alaric,Half-Elf,He,Always has a quill and parchment
Eilinora,Elf,She,Has a mysterious scar on Her hand
Finnian,Human,He,Skilled at crafting intricate jewelry
Laelia,Half-Elf,They,Speaks in riddles
Soren,Elf,He,Enjoys painting landscapes
Eowyn,Human,She,Has a pet ferret named Whiskers
Elara,Half-Elf,They,Always carries a small charm
Gideon,Elf,He,Skilled at woodcarving
Isolde,Human,She,Collects rare coins
Lyra,Half-Elf,They,Has a talent for dance
Aelar,Elf,He,Always has a flask of enchanted water
Thalia,Human,She,Keeps a collection of pressed flowers
Eldrin,Half-Elf,They,Expert in ancient lore
Bilbo,Halfling,He,Always carries a pocket-sized cookbook
Rosie,Halfling,She,Obsessed with collecting rare flowers
Frodo,Halfling,They,Afraid of Heights but dreams of flying
Pippin,Halfling,He,Speaks in rhymes wHen nervous
Merry,Halfling,They,Has a pet mouse named Pip
Samwise,Halfling,He,Grows the best tomatoes in the village
Lily,Halfling,She,Can mimic any bird call perfectly
Toby,Halfling,He,Collects shiny stones and pebbles
Daisy,Halfling,She,Wears mismatched socks intentionally
Ollie,Halfling,He,Carries a lucky acorn at all times
Poppy,Halfling,She,Has an encyclopedic knowledge of mushrooms
Bingo,Halfling,He,Writes poetry in secret
Minty,Halfling,They,Believes in ghosts and always carries ghost stories
Bramble,Halfling,He,Never goes anywhere without a straw hat
Willow,Halfling,She,Plays the flute to calm nervous animals
Bumble,Halfling,He,Has a talent for juggling and entertaining
Holly,Halfling,She,Knits scarves for everyone in the village
Tansy,Halfling,They,Can imitate the sound of a waterfall
Rollo,Halfling,He,Has a prized collection of rare coin
Grom,Half-Orc,He,Enjoys writing poetry in his free time
Urga,Half-Orc,She,Keeps a journal of every battle She's been in
Thokk,Half-Orc,They,Has a soft spot for baby animals
Gruk,Half-Orc,He,Collects fine china and delicate tea sets
Draka,Half-Orc,She,Practices Herbal medicine as a hobby
Grish,Half-Orc,They,Speaks multiple languages fluently
Shara,Half-Orc,She,Dreams of becoming a master cHef
Karnak,Half-Orc,He,Loves to paint landscapes in his spare time
Lug,Half-Orc,They,Always wears a flower behind their ear
Sorcha,Half-Orc,She,Has a pet ferret named Fang
Rok,Half-Orc,He,Writes letters to a pen pal in a distant land
Targ,Half-Orc,They,Can play the lute with surprising skill
Gnash,Half-Orc,He,Collects rare and exotic spices
Vola,Half-Orc,She,Practices calligraphy as a meditative activity
Mog,Half-Orc,He,Has a knack for storytelling and exaggeration
Zara,Half-Orc,She, Can mimic the sounds of different animals
Grok,Half-Orc,He, Enjoys gardening and grows vibrant flowers
Krag,Half-Orc,They, Keeps a collection of pressed flowers in a book
Garn,Half-Orc,He, Has a fascination with astronomy
Thorin,Dwarf,He,Is an expert at forging intricate metal jewelry
Gimli,Dwarf,He,Composes epic poems about his adventures
Dwalin,Dwarf,He,Has a passion for sculpting miniature statues
Balor,Dwarf,He,Dreams of discovering a hidden underground city
Durin,Dwarf,He,Collects rare and valuable gems
Thrain,Dwarf,He,Carries a lucky rock in his pocket
Ori,Dwarf,They,Has a talent for painting landscapes
Gloin,Dwarf,He,Enjoys brewing his own special ale
Kili,Dwarf,He,Always has a pouch of sunflower seeds
Bofur,Dwarf,He,Loves to tell jokes and make people laugh
Fili,Dwarf,They,Has a collection of ancient maps from different realms
Bombur,Dwarf,He,Is an expert at cooking and always carries spices
Nori,Dwarf,He,Has a fascination with rare and dangerous creatures
Dori,Dwarf,He,Is a skilled calligrapher and writes letters to his family
Oin,Dwarf,He,Practices traditional dwarven dances in his free time
Balin,Dwarf,He,Keeps a detailed journal of his travels
Gimril,Dwarf,She,Specializes in crafting magical trinkets
Thraina,Dwarf,She,Enjoys solving riddles and puzzles
Gorin,Dwarf,They,Has a pet owl named Stonebeak
Elowen,Elf,She,Has a fondness for rare and exotic flowers
Aranion,Elf,He,Can communicate with animals through song
Lirelle,Elf,She,Keeps a detailed map of celestial constellations
Thranduil,Elf,He,Collects ancient elven artifacts
Elenion,Elf,He,Has a pet owl named Moonshadow
Caladria,Elf,She,Practices archery blindfolded for precision
Eldarion,Elf,He,Enjoys writing poetry about the changing seasons
Galadriel,Elf,She,Has a mysterious connection to the moon
Celeborn,Elf,He,Speaks with a calming and melodic voice
Arwen,Elf,She,Dreams of exploring the mortal realms
Legolas,Elf,He,Keeps a journal of rare and mythical creatures
Nimrodel,Elf,She,Loves to dance under the moonlight
Haldir,Elf,They,Has a talent for playing the harp
Mithrandir,Elf,They,Possesses ancient knowledge of magical lore
Arielle,Elf,She,Is an expert in Herbal medicine
Thalion,Elf,He,Practices intricate swordplay as an art form
Luthien,Elf,She,Can weave illusions with Her words
Glorfindel,Elf,They,Enjoys crafting intricate elven jewelry
Faelon,Elf,He,Has a deep connection with the spirits of the forest
Sylas,Elf,He,Dreams of becoming a master painter
Elara,Half-Elf,She,Speaks multiple languages fluently
Arion,Half-Elf,He,Has an uncanny ability to find hidden paths
Loriana,Half-Elf,She,Enjoys creating beautiful handcrafted jewelry
theron,Half-Elf,He,Has a pet fox named Shadow
Isolde,Half-Elf,She,Practices both elven and human styles of archery
Alden,Half-Elf,They,Dreams of uniting elves and humans in harmony
Lyra,Half-Elf,She,Can mimic the songs of various bird species
Elden,Half-Elf,He,Collects rare and unique magical artifacts
Aria,Half-Elf,She,Has a talent for storytelling and captivating audiences
Caelum,Half-Elf,He,Enjoys stargazing and studying astronomy
Selene,Half-Elf,She,Keeps a diary of Her experiences in both elven and human societies
Branwen,Half-Elf,She,Practices traditional elven dances with a modern twist
Rowan,Half-Elf,He,Has a passion for painting landscapes
Elysia,Half-Elf,She,Believes in the power of diplomacy and negotiation
Faelan,Half-Elf,He,Is an expert at playing the flute
Aislinn,Half-Elf,She,Has a knack for deciphering ancient texts
Eldric,Half-Elf,He,Is a skilled diplomat and mediator
Lythandra,Half-Elf,She,Can commune with spirits of both worlds
Riordan,Half-Elf,They,Has a fascination with the history of both elven and human cultures
Amara,Half-Elf,She,Dreams of creating a sanctuary for both elves and humans
Aiden,Human,He,Collects rare and antique books
Evelyn,Human,She,Has a knack for playing the violin
Liam,Human,He,Keeps a journal of his dreams and interpretations
Sophia,Human,She,Enjoys solving intricate puzzles and riddles
Jackson,Human,He,Can mimic the sounds of various animals
Olivia,Human,She,Has a pet Hedgehog named Quill
Lucas,Human,He,Practices martial arts as a form of meditation
Emma,Human,She,Is a skilled calligrapher and writes letters to friends
Mason,Human,He,Dreams of becoming a world-renowned cHef
Ava,Human,She,Has a fascination with astronomy and stargazing
Landon,Human,He,Enjoys crafting intricate model ships
Harper,Human,They,Loves to organize community events and festivals
Noah,Human,He,Has a talent for storytelling and captivating audiences
Amelia,Human,She,Practices archery and is an excellent shot
Logan,Human,He,Is an expert in Herbal medicine and Healing
Isabella,Human,She,Can speak multiple languages fluently
Carter,Human,He,Dreams of exploring uncharted territories
Mia,Human,She,Keeps a detailed map of local wildlife habitats
Ethan,Human,He,Enjoys painting landscapes in his free time
Avery,Human,They,Has a collection of vintage postcards from around the world
Aria,Human,She,Can imitate the voices of famous actors
Jayden,Human,They,Is a skilled blacksmith and forges unique weapons
Scarlett,Human,She,Enjoys gardening and grows rare and exotic plants
Grayson,Human,He,Dreams of becoming a professional athlete
Zoe,Human,She,Practices traditional dances from different cultures
Liam,Human,He,Has a pet parrot named Tango
Aria,Human,She,Enjoys reading and collecting classic literature
Elijah,Human,He,Is a talented poet and writes Heartfelt verses
Abigail,Human,She,Has a deep connection with animals and nature
Micah,Human,He,Loves to bake and experiment with new recipes
Sophia,Human,She,Is an advocate for environmental conservation
Lucas,Human,He,Enjoys woodworking and crafting furniture
Lily,Human,She,Can play multiple musical instruments
Oliver,Human,He,Dreams of becoming an expert in ancient history
Isabella,Human,She,Practices meditation and mindfulness daily
Caleb,Human,He,Is a passionate advocate for social justice
Ella,Human,She,Keeps a diary of inspiring quotes and thoughts
Benjamin,Human,He,Enjoys exploring abandoned places and documenting them
Emily,Human,She,Is an amateur astronomer and loves observing the night sky
Nathan,Human,He,Has a talent for mimicry and impressions
Ava,Human,She,Volunteers at the local animal Shelter in Her free time
Logan,Human,He,Enjoys collecting and restoring vintage cars
Sophie,Human,She,Is a master of disguise and enjoys playing pranks
Carter,Human,He,Is a cHess grandmaster and loves strategic games
Mia,Human,They,Has a pet ferret named Fizzle
Ethan,Human,He,Dreams of opening a school for aspiring inventors